{
  "k_sweep": {
    "TM": {
      "k=2": 0.33593750000000006,
      "k=3": 0.3794495138931529,
      "k=4": 0.4476503275268135,
      "k=5": 0.518704400279707,
      "k=6": 0.5784812036096658,
      "k=7": 0.6322486605532331,
      "k=8": 0.6788326825825898
    },
    "RS": {
      "k=2": 0.001831054687499997,
      "k=3": 0.34075656065079135,
      "k=4": 0.5000488287209883,
      "k=5": 0.5950666060300159,
      "k=6": 0.6614378277661479,
      "k=7": 0.7119415862891145,
      "k=8": 0.752193433607906
    },
    "RS*TM": {
      "k=2": 0.0023193359375000017,
      "k=3": 0.2500610575025352,
      "k=4": 0.3727507889187279,
      "k=5": 0.4424496830479596,
      "k=6": 0.49103021046197026,
      "k=7": 0.5294709048306261,
      "k=8": 0.5625242783915079
    },
    "A_{1,101,111}": {
      "k=2": 0.0013427734374999991,
      "k=3": 0.2466334827489754,
      "k=4": 0.3586194347084063,
      "k=5": 0.42472773734387853,
      "k=6": 0.47164987979318407,
      "k=7": 0.5106204683451483,
      "k=8": 0.5438160601732429
    },
    "{101,111}": {
      "k=2": 0.0013427734375000002,
      "k=3": 0.2958232167130488,
      "k=4": 0.48070056874305256,
      "k=5": 0.5977479493140339,
      "k=6": 0.6760070181100001,
      "k=7": 0.7322145595351832,
      "k=8": 0.774675098596933
    },
    "{01}": {
      "k=2": 0.0023193359375000017,
      "k=3": 0.25006105750253527,
      "k=4": 0.5000000149011611,
      "k=5": 0.6544707856834451,
      "k=6": 0.7499389722949371,
      "k=7": 0.8116687969453791,
      "k=8": 0.8534670782124141
    },
    "{10}": {
      "k=2": 0.0023193359375000017,
      "k=3": 0.24993898720094912,
      "k=4": 0.49987794459229995,
      "k=5": 0.6543864268749737,
      "k=6": 0.7498779296875002,
      "k=7": 0.8116228306168671,
      "k=8": 0.8534313202807737
    },
    "{01,10,11}": {
      "k=2": 0.001831054687499997,
      "k=3": 0.340583806653056,
      "k=4": 0.49987792968750006,
      "k=5": 0.5951934417163528,
      "k=6": 0.6613224833699036,
      "k=7": 0.7119153802793708,
      "k=8": 0.7522713760994503
    },
    "A_3": {
      "k=2": 0.0013427734375000002,
      "k=3": 0.2958232167130488,
      "k=4": 0.48070056874305256,
      "k=5": 0.5977479493140339,
      "k=6": 0.6760070181100001,
      "k=7": 0.7322145595351832,
      "k=8": 0.774675098596933
    },
    "A_4": {
      "k=2": 0.0015869140625000089,
      "k=3": 0.2887763849811897,
      "k=4": 0.46559841540950186,
      "k=5": 0.5833832233153675,
      "k=6": 0.6697354404843346,
      "k=7": 0.7320697796661062,
      "k=8": 0.778221804211991
    },
    "A_5": {
      "k=2": 0.0008544921875000039,
      "k=3": 0.2908690422638117,
      "k=4": 0.4704133720834456,
      "k=5": 0.5832328936972287,
      "k=6": 0.6669902661855794,
      "k=7": 0.7284270381821586,
      "k=8": 0.7764462528496209
    }
  },
  "new_nc_search": {
    "candidates": [
      {
        "patterns": [
          "1",
          "01",
          "10"
        ],
        "k": 4,
        "max_abs_k": 0.0018147056576316544,
        "max_abs_2": 0.33593750000000006,
        "is_also_2_noncorr": false
      },
      {
        "patterns": [
          "11",
          "011",
          "111"
        ],
        "k": 4,
        "max_abs_k": 0.0018310546874999993,
        "max_abs_2": 0.9998779296875,
        "is_also_2_noncorr": false
      },
      {
        "patterns": [
          "01",
          "10"
        ],
        "k": 4,
        "max_abs_k": 0.0020751953125000043,
        "max_abs_2": 0.9998779296875,
        "is_also_2_noncorr": false
      },
      {
        "patterns": [
          "01",
          "010",
          "110"
        ],
        "k": 4,
        "max_abs_k": 0.0020751953125000043,
        "max_abs_2": 0.9998779296875,
        "is_also_2_noncorr": false
      },
      {
        "patterns": [
          "10",
          "001",
          "101"
        ],
        "k": 4,
        "max_abs_k": 0.0020751953125000043,
        "max_abs_2": 0.9998779296875,
        "is_also_2_noncorr": false
      },
      {
        "patterns": [
          "01",
          "001",
          "101"
        ],
        "k": 4,
        "max_abs_k": 0.002319335937499997,
        "max_abs_2": 0.9998779296875,
        "is_also_2_noncorr": false
      },
      {
        "patterns": [
          "10",
          "010",
          "110"
        ],
        "k": 4,
        "max_abs_k": 0.0023193359374999987,
        "max_abs_2": 0.9998779296875,
        "is_also_2_noncorr": false
      }
    ],
    "total_subsets": 231
  },
  "hierarchy": {
    "RS": {
      "scores": {
        "k=2": 0.001831054687499997,
        "k=3": 0.34075656065079135,
        "k=4": 0.5000488287209883,
        "k=5": 0.5950666060300159,
        "k=6": 0.6614378277661479,
        "k=7": 0.7119415862891145,
        "k=8": 0.752193433607906,
        "k=9": 0.7850211959626509,
        "k=10": 0.8121852914375645,
        "k=12": 0.8540641728380642,
        "k=16": 0.906428066287781,
        "k=24": 0.9536645451930698
      },
      "noncorr_ks": [
        2
      ]
    },
    "RS*TM": {
      "scores": {
        "k=2": 0.0023193359375000017,
        "k=3": 0.2500610575025352,
        "k=4": 0.3727507889187279,
        "k=5": 0.4424496830479596,
        "k=6": 0.49103021046197026,
        "k=7": 0.5294709048306261,
        "k=8": 0.5625242783915079,
        "k=9": 0.5920857469303,
        "k=10": 0.6192240324476908,
        "k=12": 0.6675590270228288,
        "k=16": 0.7456085912189557,
        "k=24": 0.8453946035358281
      },
      "noncorr_ks": [
        2
      ]
    },
    "{01}": {
      "scores": {
        "k=2": 0.0023193359375000017,
        "k=3": 0.25006105750253527,
        "k=4": 0.5000000149011611,
        "k=5": 0.6544707856834451,
        "k=6": 0.7499389722949371,
        "k=7": 0.8116687969453791,
        "k=8": 0.8534670782124141,
        "k=9": 0.8829287137615071,
        "k=10": 0.904409743076332,
        "k=12": 0.9329069878971501,
        "k=16": 0.9618269891268136,
        "k=24": 0.9828450027848733
      },
      "noncorr_ks": [
        2
      ]
    },
    "{10}": {
      "scores": {
        "k=2": 0.0023193359375000017,
        "k=3": 0.24993898720094912,
        "k=4": 0.49987794459229995,
        "k=5": 0.6543864268749737,
        "k=6": 0.7498779296875002,
        "k=7": 0.8116228306168671,
        "k=8": 0.8534313202807737,
        "k=9": 0.882900151246989,
        "k=10": 0.9043864268749742,
        "k=12": 0.9328906315797194,
        "k=16": 0.9618176959431436,
        "k=24": 0.9828408428320345
      },
      "noncorr_ks": [
        2
      ]
    },
    "{01,10,11}": {
      "scores": {
        "k=2": 0.001831054687499997,
        "k=3": 0.340583806653056,
        "k=4": 0.49987792968750006,
        "k=5": 0.5951934417163528,
        "k=6": 0.6613224833699036,
        "k=7": 0.7119153802793708,
        "k=8": 0.7522713760994503,
        "k=9": 0.7850989085546455,
        "k=10": 0.8122168836405241,
        "k=12": 0.8540230467560846,
        "k=16": 0.9063875158600785,
        "k=24": 0.9536763801640086
      },
      "noncorr_ks": [
        2
      ]
    },
    "A_3": {
      "scores": {
        "k=2": 0.0013427734375000002,
        "k=3": 0.2958232167130488,
        "k=4": 0.48070056874305256,
        "k=5": 0.5977479493140339,
        "k=6": 0.6760070181100001,
        "k=7": 0.7322145595351832,
        "k=8": 0.774675098596933,
        "k=9": 0.8077579165091493,
        "k=10": 0.8341540073472822,
        "k=12": 0.8733265448490249,
        "k=16": 0.9202019822953397,
        "k=24": 0.9609840875883592
      },
      "noncorr_ks": [
        2
      ]
    },
    "A_4": {
      "scores": {
        "k=2": 0.0015869140625000089,
        "k=3": 0.2887763849811897,
        "k=4": 0.46559841540950186,
        "k=5": 0.5833832233153675,
        "k=6": 0.6697354404843346,
        "k=7": 0.7320697796661062,
        "k=8": 0.778221804211991,
        "k=9": 0.8133010173319802,
        "k=10": 0.8406730045917173,
        "k=12": 0.8802521501113794,