{
  "i^{#({01,10},n)}": {
    "patterns": [
      "01",
      "10"
    ],
    "k": 4,
    "description": "transition parity",
    "multiscale": {
      "2^12": 0.004150390624999999,
      "2^13": 0.0020751953125000043,
      "2^14": 0.0010375976562500026,
      "2^15": 0.0005187988281250017,
      "2^16": 0.00025939941406250043
    },
    "halving_ratio": 2.0000000000000036,
    "is_2_noncorrelated": false,
    "max_2_corr": 0.9998779296875,
    "max_4_corr_N16": 0.00025939941406250043,
    "corr_profile_N16": [
      1.5258789062500745e-05,
      4.957191772039142e-18,
      1.5258789062500793e-05,
      3.5122572472068854e-17,
      1.5258789062499771e-05,
      7.496034967529329e-18,
      1.5258789062498948e-05,
      1.5565391710190205e-19,
      1.5258789062500508e-05,
      5.7773021014543254e-18,
      0.00010681152343749934,
      1.0098150378736072e-17,
      0.00010681152343749989,
      2.5281046807035885e-18,
      1.5258789062501813e-05,
      1.9073143095987427e-17,
      1.5258789062498841e-05,
      2.0922327503814887e-18,
      0.00010681152343750015,
      1.0150357134389463e-17,
      1.5258789062499312e-05,
      2.097613143172915e-18,
      0.00010681152343750046,
      1.1716426252602385e-17,
      0.00010681152343749893,
      3.4506892892671215e-18,
      0.00013732910156250051,
      5.5885139094924785e-18,
      1.5258789062499702e-05,
      4.443984505193075e-18,
      1.5258789062501166e-05,
      2.901670946278798e-17,
      1.5258789062500664e-05,
      5.054330630949298e-18,
      1.5258789062500156e-05,
      5.39179067636768e-18,
      0.00013732910156250038,
      4.315471425225773e-18,
      0.0001068115234375008,
      2.5665734168453805e-18,
      1.5258789062500935e-05,
      5.597181852194537e-19,
      0.00013732910156250027,
      3.545012628593637e-19,
      0.00025939941406250043,
      4.079691847558365e-18,
      0.00010681152343750111,
      7.80883921597681e-18,
      0.00010681152343750152,
      2.824364071237018e-18,
      0.00025939941406249984,
      4.131799524124329e-18,
      1.525878906250172e-05,
      3.537960898011344e-18,
      0.0001373291015624994,
      1.0466932504117721e-17,
      1.5258789062501945e-05,
      6.0189567113398314e-18,
      1.5258789062501213e-05,
      7.521673546366491e-18,
      1.5258789062500325e-05,
      6.160594959723637e-18,
      1.5258789062499241e-05,
      1.0176692378449527e-17
    ]
  },
  "i^{#({01,010,110},n)}": {
    "patterns": [
      "01",
      "010",
      "110"
    ],
    "k": 4,
    "description": "{01}\u222a{all len-3 ending 10}",
    "multiscale": {
      "2^12": 0.004150390624999999,
      "2^13": 0.0020751953125000043,
      "2^14": 0.0010375976562500026,
      "2^15": 0.0005187988281250017,
      "2^16": 0.00025939941406250043
    },
    "halving_ratio": 2.0000000000000036,
    "is_2_noncorrelated": false,
    "max_2_corr": 0.9998779296875,
    "max_4_corr_N16": 0.00025939941406250043,
    "corr_profile_N16": [
      1.5258789062500745e-05,
      4.957191772039142e-18,
      1.5258789062500793e-05,
      3.5122572472068854e-17,
      1.5258789062499771e-05,
      7.496034967529329e-18,
      1.5258789062498948e-05,
      1.5565391710190205e-19,
      1.5258789062500508e-05,
      5.7773021014543254e-18,
      0.00010681152343749934,
      1.0098150378736072e-17,
      0.00010681152343749989,
      2.5281046807035885e-18,
      1.5258789062501813e-05,
      1.9073143095987427e-17,
      1.5258789062498841e-05,
      2.0922327503814887e-18,
      0.00010681152343750015,
      1.0150357134389463e-17,
      1.5258789062499312e-05,
      2.097613143172915e-18,
      0.00010681152343750046,
      1.1716426252602385e-17,
      0.00010681152343749893,
      3.4506892892671215e-18,
      0.00013732910156250051,
      5.5885139094924785e-18,
      1.5258789062499702e-05,
      4.443984505193075e-18,
      1.5258789062501166e-05,
      2.901670946278798e-17,
      1.5258789062500664e-05,
      5.054330630949298e-18,
      1.5258789062500156e-05,
      5.39179067636768e-18,
      0.00013732910156250038,
      4.315471425225773e-18,
      0.0001068115234375008,
      2.5665734168453805e-18,
      1.5258789062500935e-05,
      5.597181852194537e-19,
      0.00013732910156250027,
      3.545012628593637e-19,
      0.00025939941406250043,
      4.079691847558365e-18,
      0.00010681152343750111,
      7.80883921597681e-18,
      0.00010681152343750152,
      2.824364071237018e-18,
      0.00025939941406249984,
      4.131799524124329e-18,
      1.525878906250172e-05,
      3.537960898011344e-18,
      0.0001373291015624994,
      1.0466932504117721e-17,
      1.5258789062501945e-05,
      6.0189567113398314e-18,
      1.5258789062501213e-05,
      7.521673546366491e-18,
      1.5258789062500325e-05,
      6.160594959723637e-18,
      1.5258789062499241e-05,
      1.0176692378449527e-17
    ]
  },
  "i^{#({10,001,101},n)}": {
    "patterns": [
      "10",
      "001",
      "101"
    ],
    "k": 4,
    "description": "{10}\u222a{all len-3 ending 01}",
    "multiscale": {
      "2^12": 0.004150390624999999,
      "2^13": 0.0020751953125000043,
      "2^14": 0.0010375976562500026,
      "2^15": 0.0005187988281250017,
      "2^16": 0.00025939941406250043
    },
    "halving_ratio": 2.0000000000000036,
    "is_2_noncorrelated": false,
    "max_2_corr": 0.9998779296875,
    "max_4_corr_N16": 0.00025939941406250043,
    "corr_profile_N16": [
      1.5258789062500745e-05,
      4.957191772039142e-18,
      1.5258789062500793e-05,
      3.5122572472068854e-17,
      1.5258789062499771e-05,
      7.496034967529329e-18,
      1.5258789062498948e-05,
      1.5565391710190205e-19,
      1.5258789062500508e-05,
      5.7773021014543254e-18,
      0.00010681152343749934,
      1.0098150378736072e-17,
      0.00010681152343749989,
      2.5281046807035885e-18,
      1.5258789062501813e-05,
      1.9073143095987427e-17,
      1.5258789062498841e-05,
      2.0922327503814887e-18,
      0.00010681152343750015,
      1.0150357134389463e-17,
      1.5258789062499312e-05,
      2.097613143172915e-18,
      0.00010681152343750046,
      1.1716426252602385e-17,
      0.00010681152343749893,
      3.4506892892671215e-18,
      0.00013732910156250051,
      5.5885139094924785e-18,
      1.5258789062499702e-05,
      4.443984505193075e-18,
      1.5258789062501166e-05,
      2.901670946278798e-17,
      1.5258789062500664e-05,
      5.054330630949298e-18,
      1.5258789062500156e-05,
      5.39179067636768e-18,
      0.00013732910156250038,
      4.315471425225773e-18,
      0.0001068115234375008,
      2.5665734168453805e-18,
      1.5258789062500935e-05,
      5.597181852194537e-19,
      0.00013732910156250027,
      3.545012628593637e-19,
      0.00025939941406250043,
      4.079691847558365e-18,
      0.00010681152343750111,
      7.80883921597681e-18,
      0.00010681152343750152,
      2.824364071237018e-18,
      0.00025939941406249984,
      4.131799524124329e-18,
      1.525878906250172e-05,
      3.537960898011344e-18,
      0.0001373291015624994,
      1.0466932504117721e-17,
      1.5258789062501945e-05,
      6.0189567113398314e-18,
      1.5258789062501213e-05,
      7.521673546366491e-18,
      1.5258789062500325e-05,
      6.160594959723637e-18,
      1.5258789062499241e-05,
      1.0176692378449527e-17
    ]
  },
  "i^{#({1,01,10},n)}": {
    "patterns": [
      "1",
      "01",
      "10"
    ],
    "k": 4,
    "description": "TM\u00d7transition",
    "multiscale": {
      "2^12": 0.0036294113152633067,
      "2^13": 0.0018147056576316544,
      "2^14": 0.0009073528288158271,
      "2^15": 0.0004536764144079129,
      "2^16": 0.00022683820720395743
    },
    "halving_ratio": 1.9999999999999913,
    "is_2_noncorrelated": false,
    "max_2_corr": 0.33593750000000006,
    "max_4_corr_N16": 0.00022683820720395743,