{
  "config": {
    "N": 16384,
    "m_max": 64,
    "k_values": [
      2,
      3,
      4,
      5,
      6,
      7,
      8
    ],
    "definition": "gamma_N(m) = (1/N) * sum_{n=0}^{N-1} a(n) * conj(a(n+m))",
    "method": "direct summation + residue histogram cross-check (no FFT)"
  },
  "catalog_scores": {
    "TM": {
      "k=2": 0.3359375,
      "k=3": 0.3790723299039749,
      "k=4": 0.4489639222873314,
      "k=5": 0.5157892178065822,
      "k=6": 0.5784812036096656,
      "k=7": 0.6337805603812409,
      "k=8": 0.6795356458404788
    },
    "RS": {
      "k=2": 6.123233995736766e-17,
      "k=3": 0.3406445889133622,
      "k=4": 0.4999755913021799,
      "k=5": 0.5950413466665254,
      "k=6": 0.6614493650419151,
      "k=7": 0.7119787271019609,
      "k=8": 0.752138322073187
    },
    "RS*TM": {
      "k=2": 0.0023193359375,
      "k=3": 0.24998692388908306,
      "k=4": 0.3726688986656968,
      "k=5": 0.44242836675078817,
      "k=6": 0.49093031783286495,
      "k=7": 0.5295142774188436,
      "k=8": 0.5624786310619155
    },
    "A_{1,101,111}": {
      "k=2": 0.0013427734375,
      "k=3": 0.2465826657730852,
      "k=4": 0.35834980980378517,
      "k=5": 0.4244310652597514,
      "k=6": 0.4719096979432464,
      "k=7": 0.5103540683692073,
      "k=8": 0.5441755473697193
    },
    "{101,111}": {
      "k=2": 6.123233995736766e-17,
      "k=3": 0.29603124854668594,
      "k=4": 0.4809734515954897,
      "k=5": 0.5975368644747204,
      "k=6": 0.6761424334246692,
      "k=7": 0.7322598775631234,
      "k=8": 0.7745945634535069
    },
    "{01}": {
      "k=2": 0.0023193359375,
      "k=3": 0.25009155832026475,
      "k=4": 0.5000610388810856,
      "k=5": 0.6545506740171345,
      "k=6": 0.7500305194406942,
      "k=7": 0.8117678826907102,
      "k=8": 0.8535712684677379
    },
    "{10}": {
      "k=2": 0.0023193359375,
      "k=3": 0.2500228871359518,
      "k=4": 0.5000152585562389,
      "k=5": 0.6545190406664798,
      "k=6": 0.7500076293557265,
      "k=7": 0.8117506459987299,
      "k=8": 0.853557859777417
    },
    "{01,10,11}": {
      "k=2": 6.123233995736766e-17,
      "k=3": 0.34073096145212367,
      "k=4": 0.5000488287209882,
      "k=5": 0.5950612868492495,
      "k=6": 0.661483967214278,
      "k=7": 0.7118833202745674,
      "k=8": 0.7521219052825737
    },
    "A_3": {
      "k=2": 6.123233995736766e-17,
      "k=3": 0.29603124854668594,
      "k=4": 0.4809734515954897,
      "k=5": 0.5975368644747204,
      "k=6": 0.6761424334246692,
      "k=7": 0.7322598775631234,
      "k=8": 0.7745945634535069
    },
    "A_4": {
      "k=2": 6.123233995736766e-17,
      "k=3": 0.28868190737623856,
      "k=4": 0.4650111818507333,
      "k=5": 0.5835079824458344,
      "k=6": 0.6699980561785113,
      "k=7": 0.7319327297102531,
      "k=8": 0.7780107292831732
    },
    "A_5": {
      "k=2": 6.123233995736766e-17,
      "k=3": 0.29078398196429783,
      "k=4": 0.47145722950283436,
      "k=5": 0.5831713542692124,
      "k=6": 0.6660876221210497,
      "k=7": 0.7276034914026701,
      "k=8": 0.7762009821050325
    }
  }
}