{
  "k": 10,
  "evals": 63986,
  "restarts": 4,
  "gens": 32,
  "best_s16": 0.03811138053409455,
  "best_size": 18,
  "best_patterns": [
    "01",
    "10",
    "010",
    "101",
    "0101",
    "001001",
    "011010",
    "100110",
    "110001",
    "110010",
    "110110",
    "111001",
    "0011010",
    "0011101",
    "0100001",
    "0100110",
    "1001110",
    "1100010"
  ],
  "verdict": "no NC candidate; correlated floor persists",
  "top": [
    {
      "rank": 1,
      "s16": 0.03811138053409455,
      "s15": 0.038049032538234225,
      "s14": 0.03831092740519985,
      "s13": 0.03801985476091365,
      "s12": 0.037432637558433936,
      "s10": 0.03712912927934036,
      "size": 18,
      "patterns": [
        "01",
        "10",
        "010",
        "101",
        "0101",
        "001001",
        "011010",
        "100110",
        "110001",
        "110010",
        "110110",
        "111001",
        "0011010",
        "0011101",
        "0100001",
        "0100110",
        "1001110",
        "1100010"
      ]
    },
    {
      "rank": 2,
      "s16": 0.03817493255468309,
      "s15": 0.03809099669764016,
      "s14": 0.038287439252365184,
      "s13": 0.03922119098511079,
      "s12": 0.04032838359061492,
      "s10": 0.038876898292837726,
      "size": 18,
      "patterns": [
        "01",
        "10",
        "010",
        "101",
        "0101",
        "001001",
        "011010",
        "100110",
        "110001",
        "110010",
        "110110",
        "111001",
        "0011101",
        "0011110",
        "0100110",
        "0111101",
        "1001110",
        "1100010"
      ]
    },
    {
      "rank": 3,
      "s16": 0.038271959806610495,
      "s15": 0.03828021881311815,
      "s14": 0.038296739762429886,
      "s13": 0.038364768776666176,
      "s12": 0.03842975266402449,
      "s10": 0.039554009971986964,
      "size": 18,
      "patterns": [
        "01",
        "10",
        "010",
        "101",
        "0101",
        "001001",
        "001101",
        "011010",
        "100110",
        "110001",
        "110010",
        "110110",
        "111001",
        "0011101",
        "0100011",
        "0111101",
        "1100000",
        "1100010"
      ]
    },
    {
      "rank": 4,
      "s16": 0.038536751500571106,
      "s15": 0.038544433950134446,
      "s14": 0.0385597989192757,
      "s13": 0.03863504141327372,
      "s12": 0.03882988104948863,
      "s10": 0.040237346727017086,
      "size": 17,
      "patterns": [
        "01",
        "10",
        "010",
        "101",
        "0101",
        "001001",
        "001101",
        "011010",
        "100110",
        "110001",
        "110010",
        "110110",
        "111001",
        "0011101",
        "0111101",
        "1100000",
        "1100010"
      ]
    },
    {
      "rank": 5,
      "s16": 0.038840442514250874,
      "s15": 0.03882490778548692,
      "s14": 0.03879383905751878,
      "s13": 0.03873170452801443,
      "s12": 0.03837073612125952,
      "s10": 0.03713116078391205,
      "size": 18,
      "patterns": [
        "01",
        "10",
        "010",
        "101",
        "0101",
        "001001",
        "100110",
        "110001",
        "110010",
        "110110",
        "0011010",
        "0011101",
        "1000110",
        "1001110",
        "1100010",
        "1101101",
        "1111001",
        "1111010"
      ]
    },
    {
      "rank": 6,
      "s16": 0.0400234171675621,
      "s15": 0.040023955505370586,
      "s14": 0.04002503767717994,
      "s13": 0.03994885264685455,
      "s12": 0.040150357305943685,
      "s10": 0.039119055587997,
      "size": 18,
      "patterns": [
        "01",
        "10",
        "010",
        "101",
        "0101",
        "001001",
        "001101",
        "011010",
        "100110",
        "110001",
        "110010",
        "110110",
        "111001",
        "0011101",
        "0111101",
        "1010111",
        "1100000",
        "1100010"
      ]
    },
    {
      "rank": 7,
      "s16": 0.040817562364417206,
      "s15": 0.04080997461635279,
      "s14": 0.04079487395659973,
      "s13": 0.040764972369740214,
      "s12": 0.040577959595844815,
      "s10": 0.03979418822148238,
      "size": 18,
      "patterns": [
        "01",
        "10",
        "010",
        "101",
        "0101",
        "001001",
        "100110",
        "110001",
        "110010",
        "110110",
        "0011010",
        "0011101",
        "1000110",
        "1001110",
        "1011010",
        "1100010",
        "1101101",
        "1111001"
      ]
    },
    {
      "rank": 8,
      "s16": 0.04139438040636071,
      "s15": 0.04119657349039686,
      "s14": 0.0408258775320245,
      "s13": 0.04027158246049514,
      "s12": 0.040274203097198105,
      "s10": 0.04116408850425248,
      "size": 18,
      "patterns": [
        "01",
        "10",
        "010",
        "101",
        "00101",
        "00110",
        "01110",
        "10010",
        "010110",
        "011101",
        "100010",
        "110110",
        "0011100",
        "0110101",
        "0111010",
        "1000010",
        "1000110",
        "1010101"
      ]
    },
    {
      "rank": 9,
      "s16": 0.04174872878421939,
      "s15": 0.041648867210733374,
      "s14": 0.041390155530951586,
      "s13": 0.041046399162117934,
      "s12": 0.03949247579133792,
      "s10": 0.038966354768263545,
      "size": 18,
      "patterns": [
        "01",
        "10",
        "010",
        "101",
        "0101",
        "001001",
        "011010",
        "100110",
        "110001",
        "110010",
        "110110",
        "111001",
        "0011101",
        "0100110",
        "0111101",
        "1001110",
        "1100010",
        "1101011"
      ]
    },
    {
      "rank": 10,
      "s16": 0.04181738922814872,
      "s15": 0.041728749853504804,
      "s14": 0.04148362010639176,
      "s13": 0.041115551866199265,
      "s12": 0.039826910678779574,
      "s10": 0.03929457061219182,
      "size": 17,
      "patterns": [
        "01",
        "10",
        "010",
        "101",
        "0101",
        "001001",
        "011010",
        "100110",
        "110001",
        "110010",
        "110110",
        "111001",
        "0011101",
        "0100110",
        "0111101",
        "1001110",
        "1100010"
      ]
    },
    {
      "rank": 11,
      "s16": 0.04198410849609301,
      "s15": 0.0419912452568428,
      "s14": 0.041917332247246385,
      "s13": 0.04170190215815158,
      "s12": 0.04179972041754945,
      "s10": 0.04004954623134644,
      "size": 17,
      "patterns": [
        "01",
        "10",
        "010",
        "101",
        "0101",
        "001001",
        "001101",
        "011010",
        "100110",
        "110001",
        "110010",
        "110110",
        "111001",
        "0011101",
        "0111001",
        "0111101",
        "1100010"
      ]
    },
    {
      "rank": 12,
      "s16": 0.04214331532680758,
      "s15": 0.0420440950785938,
      "s14": 0.041781751040239366,
      "s13": 0.04121941368608429,
      "s12": 0.0402230688077363,
      "s10": 0.040465703724342286,
      "size": 17,
      "patterns": [
        "01",
        "10",
        "010",
        "101",
        "0101",
        "001001",
        "011010",
        "100110",
        "110001",
        "110010",
        "110110",
        "111001",
        "0011101",
        "0111101",
        "1011010",
        "1100010",
        "1110011"
      ]
    },
    {
      "rank": 13,
      "s16": 0.042431856467963824,
      "s15": 0.04238759139346533,
      "s14": 0.042299274926261406,
      "s13": 0.04212350298353547,
      "s12": 0.041935433224074115,
      "s10": 0.04126787524503585,
      "size": 18,