{
  "k": 12,
  "evals": 64164,
  "restarts": 4,
  "gens": 32,
  "best_s16": 0.036514691398336456,
  "best_size": 17,
  "best_patterns": [
    "01",
    "10",
    "001",
    "010",
    "101",
    "110",
    "0010",
    "0101",
    "01010",
    "01101",
    "11010",
    "011010",
    "100100",
    "0000111",
    "1000110",
    "1011101",
    "1100101"
  ],
  "verdict": "no NC candidate; correlated floor persists",
  "top": [
    {
      "rank": 1,
      "s16": 0.036514691398336456,
      "s15": 0.03648811275140036,
      "s14": 0.03643497957975998,
      "s13": 0.03632881021921822,
      "s12": 0.03611686341854303,
      "s10": 0.034449771830082576,
      "size": 17,
      "patterns": [
        "01",
        "10",
        "001",
        "010",
        "101",
        "110",
        "0010",
        "0101",
        "01010",
        "01101",
        "11010",
        "011010",
        "100100",
        "0000111",
        "1000110",
        "1011101",
        "1100101"
      ]
    },
    {
      "rank": 2,
      "s16": 0.03695918291750909,
      "s15": 0.03657442516626303,
      "s14": 0.03582142626326485,
      "s13": 0.03508884352257417,
      "s12": 0.03484557937264899,
      "s10": 0.033194166683546376,
      "size": 18,
      "patterns": [
        "01",
        "10",
        "001",
        "010",
        "101",
        "110",
        "0010",
        "0101",
        "01010",
        "01101",
        "11010",
        "000110",
        "011010",
        "100100",
        "0000111",
        "1000010",
        "1011101",
        "1100100"
      ]
    },
    {
      "rank": 3,
      "s16": 0.037058917490927615,
      "s15": 0.03705792443246646,
      "s14": 0.03705594130502282,
      "s13": 0.03705198701028863,
      "s12": 0.03704412627927923,
      "s10": 0.037232809572356175,
      "size": 18,
      "patterns": [
        "01",
        "10",
        "001",
        "010",
        "101",
        "110",
        "0010",
        "0101",
        "01010",
        "01101",
        "11010",
        "000110",
        "011010",
        "100100",
        "0001110",
        "0110001",
        "1010110",
        "1011101"
      ]
    },
    {
      "rank": 4,
      "s16": 0.03714496401496141,
      "s15": 0.0370617300585462,
      "s14": 0.036905069610315436,
      "s13": 0.03677952773305249,
      "s12": 0.0363845417531402,
      "s10": 0.03493919025746327,
      "size": 17,
      "patterns": [
        "01",
        "10",
        "001",
        "010",
        "101",
        "110",
        "0010",
        "0101",
        "01010",
        "01101",
        "11010",
        "000110",
        "011010",
        "100100",
        "0000111",
        "1001101",
        "1011101"
      ]
    },
    {
      "rank": 5,
      "s16": 0.03740566620775709,
      "s15": 0.03732299635958165,
      "s14": 0.03715776722418509,
      "s13": 0.036845140087393535,
      "s12": 0.036318011122337256,
      "s10": 0.03292177830296053,
      "size": 18,
      "patterns": [
        "01",
        "10",
        "001",
        "010",
        "101",
        "110",
        "0010",
        "0101",
        "01010",
        "01101",
        "11010",
        "011010",
        "100100",
        "0000111",
        "0111001",
        "1000110",
        "1011101",
        "1100101"
      ]
    },
    {
      "rank": 6,
      "s16": 0.03749143256267767,
      "s15": 0.037397391025439986,
      "s14": 0.03724959734205889,
      "s13": 0.03703184420304625,
      "s12": 0.03621635485251145,
      "s10": 0.03681034049736078,
      "size": 18,
      "patterns": [
        "01",
        "10",
        "001",
        "010",
        "101",
        "110",
        "0010",
        "0101",
        "01010",
        "01101",
        "11010",
        "000110",
        "011010",
        "100100",
        "0000111",
        "1000010",
        "1001101",
        "1011101"
      ]
    },
    {
      "rank": 7,
      "s16": 0.038171395049590905,
      "s15": 0.03816018801244676,
      "s14": 0.03813777685558323,
      "s13": 0.03809296623558321,
      "s12": 0.038003391963502955,
      "s10": 0.03746728499054264,
      "size": 18,
      "patterns": [
        "01",
        "10",
        "001",
        "010",
        "101",
        "110",
        "0010",
        "0101",
        "01010",
        "01101",
        "11101",
        "011001",
        "011010",
        "100100",
        "111010",
        "0000110",
        "1011000",
        "1100101"
      ]
    },
    {
      "rank": 8,
      "s16": 0.0383742480679603,
      "s15": 0.038315676632666426,
      "s14": 0.038199994040287184,
      "s13": 0.03799864498385993,
      "s12": 0.03763214882467102,
      "s10": 0.03548816671803333,
      "size": 17,
      "patterns": [
        "01",
        "10",
        "001",
        "010",
        "101",
        "110",
        "0010",
        "0101",
        "01010",
        "01101",
        "11010",
        "000110",
        "011010",
        "100100",
        "0110001",
        "1011011",
        "1011101"
      ]
    },
    {
      "rank": 9,
      "s16": 0.03853473357635483,
      "s15": 0.03853083629255145,
      "s14": 0.0385230457493254,
      "s13": 0.03850748077179174,
      "s12": 0.038476415343583266,
      "s10": 0.03836173491573007,
      "size": 18,
      "patterns": [
        "01",
        "10",
        "001",
        "010",
        "101",
        "110",
        "0010",
        "0101",
        "01010",
        "01101",
        "11101",
        "011010",
        "100100",
        "111010",
        "0000110",
        "1001110",
        "1100101",
        "1101100"
      ]
    },
    {
      "rank": 10,
      "s16": 0.03860160136722622,
      "s15": 0.038595092934711576,
      "s14": 0.0385821358384636,
      "s13": 0.03855646100164279,
      "s12": 0.03850206535577284,
      "s10": 0.03792885733665103,
      "size": 18,
      "patterns": [
        "01",
        "10",
        "001",
        "010",
        "101",
        "110",
        "0010",
        "0101",
        "01010",
        "01101",
        "11101",
        "011010",
        "111010",
        "0000110",
        "0001001",
        "0101011",
        "1100101",
        "1110001"
      ]
    },
    {
      "rank": 11,
      "s16": 0.038702950882918176,
      "s15": 0.038619531961226194,
      "s14": 0.03847773240835034,
      "s13": 0.03830035050219236,
      "s12": 0.03774538688109739,
      "s10": 0.03504192039078447,
      "size": 18,
      "patterns": [
        "01",
        "10",
        "001",
        "010",
        "101",
        "110",
        "0010",
        "0101",
        "01010",
        "01101",
        "11010",
        "000110",
        "011010",
        "100100",
        "0000111",
        "1000100",
        "1001101",
        "1011101"
      ]
    },
    {
      "rank": 12,
      "s16": 0.038840135603570296,
      "s15": 0.03884796371889445,
      "s14": 0.0388636229615785,
      "s13": 0.038894953478110804,
      "s12": 0.03895766250034642,
      "s10": 0.03933524424190166,
      "size": 18,
      "patterns": [
        "01",
        "10",
        "001",
        "010",
        "101",
        "110",
        "0010",
        "0101",
        "01010",
        "01101",
        "11101",
        "011010",
        "100100",
        "111010",
        "0000110",
        "1011000",
        "1100101",
        "1101100"
      ]
    },
    {
      "rank": 13,
      "s16": 0.03934213342639084,
      "s15": 0.039336861537872296,
      "s14": 0.039326329942685534,
      "s13": 0.039305315525383445,
      "s12": 0.03926348214809831,
      "s10": 0.03907530045793744,
      "size": 18,
      "patterns": [
        "01",
        "10",
        "001",
        "010",
        "101",
        "110",
        "0010",
        "0101",
        "01010",
        "01101",
        "11101",
        "011010",
        "100100",
        "111010",
        "0000110",
        "0100111",
        "1010011",
        "1100101"
      ]
    },
    {
      "rank": 14,
      "s16": 0.03935989890746331,