{
  "k": 8,
  "evals": 201423,
  "restarts": 12,
  "gens": 36,
  "best_s16": 0.031228403385636577,
  "best_size": 15,
  "best_patterns": [
    "01",
    "10",
    "010",
    "101",
    "00110",
    "000010",
    "000011",
    "010110",
    "011100",
    "0101110",
    "0110010",
    "1001001",
    "1001110",
    "1100010",
    "1100111"
  ],
  "verdict": "no k=8 NC candidate; strongly correlated floor persists",
  "top": [
    {
      "rank": 1,
      "s16": 0.031228403385636577,
      "s15": 0.03124604316954609,
      "s14": 0.03128132737573935,
      "s13": 0.031351914268535924,
      "s12": 0.03149316139580104,
      "s10": 0.033113763163046206,
      "size": 15,
      "patterns": [
        "01",
        "10",
        "010",
        "101",
        "00110",
        "000010",
        "000011",
        "010110",
        "011100",
        "0101110",
        "0110010",
        "1001001",
        "1001110",
        "1100010",
        "1100111"
      ]
    },
    {
      "rank": 2,
      "s16": 0.032334253344262896,
      "s15": 0.032308985106076445,
      "s14": 0.032259333496586134,
      "s13": 0.032178789554059964,
      "s12": 0.03293948956058922,
      "s10": 0.033602301690218585,
      "size": 16,
      "patterns": [
        "01",
        "10",
        "010",
        "101",
        "00110",
        "000010",
        "000011",
        "011100",
        "0010011",
        "0101110",
        "0110010",
        "0110101",
        "1001001",
        "1001110",
        "1100010",
        "1100111"
      ]
    },
    {
      "rank": 3,
      "s16": 0.03253636509092962,
      "s15": 0.03271062372077192,
      "s14": 0.033059433475661024,
      "s13": 0.03364877433140915,
      "s12": 0.034325291148734886,
      "s10": 0.03315309452653261,
      "size": 17,
      "patterns": [
        "01",
        "10",
        "001",
        "101",
        "00101",
        "01010",
        "010001",
        "110101",
        "111001",
        "0011101",
        "0110110",
        "1001001",
        "1010110",
        "1011010",
        "1100010",
        "1101101",
        "1111101"
      ]
    },
    {
      "rank": 4,
      "s16": 0.03313227308749785,
      "s15": 0.03311549655635124,
      "s14": 0.033027988605915035,
      "s13": 0.03300186349348938,
      "s12": 0.0333664050810777,
      "s10": 0.035124842537486115,
      "size": 16,
      "patterns": [
        "01",
        "10",
        "010",
        "101",
        "00110",
        "000010",
        "000011",
        "010110",
        "011100",
        "0101011",
        "0101110",
        "0110010",
        "1001001",
        "1001110",
        "1100010",
        "1100111"
      ]
    },
    {
      "rank": 5,
      "s16": 0.03349658443172662,
      "s15": 0.03345749407106603,
      "s14": 0.03337948990204322,
      "s13": 0.03322419356978725,
      "s12": 0.03338035156068111,
      "s10": 0.034133709226355426,
      "size": 16,
      "patterns": [
        "01",
        "10",
        "001",
        "101",
        "00101",
        "01010",
        "010001",
        "110101",
        "111001",
        "0011101",
        "1010110",
        "1011010",
        "1100010",
        "1101101",
        "1111010",
        "1111011"
      ]
    },
    {
      "rank": 6,
      "s16": 0.03371379198700869,
      "s15": 0.03368281017856121,
      "s14": 0.033620885565248705,
      "s13": 0.033497193362091664,
      "s12": 0.03325044522227817,
      "s10": 0.032961048752028606,
      "size": 17,
      "patterns": [
        "01",
        "10",
        "010",
        "101",
        "00110",
        "000010",
        "000011",
        "011100",
        "0010011",
        "0101110",
        "0110010",
        "0110101",
        "1000011",
        "1001001",
        "1001110",
        "1100010",
        "1110100"
      ]
    },
    {
      "rank": 7,
      "s16": 0.03374208191219703,
      "s15": 0.03371495460419787,
      "s14": 0.03366099723725428,
      "s13": 0.033603347059283695,
      "s12": 0.033874863732603795,
      "s10": 0.03323062786042285,
      "size": 18,
      "patterns": [
        "01",
        "10",
        "001",
        "101",
        "00101",
        "01010",
        "010001",
        "010110",
        "110101",
        "111001",
        "0011001",
        "0011011",
        "0011101",
        "0100100",
        "0110110",
        "1011010",
        "1100010",
        "1111101"
      ]
    },
    {
      "rank": 8,
      "s16": 0.03387111359105167,
      "s15": 0.03369019947820038,
      "s14": 0.03331864023463199,
      "s13": 0.03265459625395506,
      "s12": 0.03284000709806401,
      "s10": 0.03260656459684558,
      "size": 16,
      "patterns": [
        "01",
        "10",
        "001",
        "101",
        "00101",
        "01010",
        "010001",
        "110101",
        "111101",
        "0011101",
        "0111110",
        "1001001",
        "1001101",
        "1001110",
        "1011010",
        "1110110"
      ]
    },
    {
      "rank": 9,
      "s16": 0.033960779048797435,
      "s15": 0.034034750147018615,
      "s14": 0.034221204197951875,
      "s13": 0.03461838347814343,
      "s12": 0.03481638614126111,
      "s10": 0.03326525216298026,
      "size": 17,
      "patterns": [
        "01",
        "10",
        "010",
        "101",
        "00110",
        "000010",
        "000011",
        "011100",
        "0101110",
        "0110010",
        "0110101",
        "1001001",
        "1001110",
        "1100010",
        "1100111",
        "1101001",
        "1111101"
      ]
    },
    {
      "rank": 10,
      "s16": 0.033965249577547936,
      "s15": 0.033937248116165525,
      "s14": 0.03388125035925561,
      "s13": 0.033769275628777476,
      "s12": 0.03363976472709224,
      "s10": 0.03391337163430509,
      "size": 16,
      "patterns": [
        "01",
        "10",
        "010",
        "101",
        "00110",
        "000010",
        "000011",
        "011100",
        "0101011",
        "0101110",
        "0110010",
        "0110101",
        "1001001",
        "1001110",
        "1100010",
        "1100111"
      ]
    },
    {
      "rank": 11,
      "s16": 0.03423313060735463,
      "s15": 0.03437138304516594,
      "s14": 0.0347108045135739,
      "s13": 0.034769972990389426,
      "s12": 0.03445218932377734,
      "s10": 0.034720641029820865,
      "size": 15,
      "patterns": [
        "01",
        "10",
        "010",
        "101",
        "00110",
        "000010",
        "000011",
        "0010011",
        "0101110",
        "0110010",
        "0110101",
        "1001001",
        "1001110",
        "1100010",
        "1100111"
      ]
    },
    {
      "rank": 12,
      "s16": 0.03444103318948423,
      "s15": 0.034335833955150184,
      "s14": 0.03395002880494455,
      "s13": 0.03290156328848195,
      "s12": 0.031509402595694104,
      "s10": 0.03447651892576285,
      "size": 17,
      "patterns": [
        "01",
        "10",
        "010",
        "101",
        "00110",
        "000010",
        "000011",
        "011100",
        "0010011",
        "0101110",
        "0110010",
        "0110101",
        "1001001",
        "1001110",
        "1010101",
        "1100010",
        "1100111"
      ]
    },
    {
      "rank": 13,
      "s16": 0.03449760295798597,
      "s15": 0.03441472816821173,
      "s14": 0.03424924404067697,
      "s13": 0.03391935571016917,
      "s12": 0.03326404844086622,
      "s10": 0.03253205551707253,
      "size": 18,
      "patterns": [
        "01",
        "10",
        "001",
        "101",
        "00101",
        "01010",
        "010001",
        "110101",
        "111101",
        "0011101",
        "0110110",
        "0111001",
        "1000011",
        "1001001",
        "1001101",
        "1011010",
        "1100010",
        "1111010"
      ]
    },
    {
      "rank": 14,
      "s16": 0.03498801482633956,
      "s15": 0.03495078504867506,
      "s14": 0.034876371955088636,
      "s13": 0.03475777825948924,