{
  "a_{01}": {
    "description": "Single pattern {01}",
    "type": "binary_pattern",
    "max_abs_N16": 0.0002899169921875,
    "mean_sq_N16": 4.307366907596588e-09,
    "multiscale": {
      "N=2^13": 0.0023193359375,
      "N=2^14": 0.00115966796875,
      "N=2^15": 0.000579833984375,
      "N=2^16": 0.0002899169921875
    },
    "halving_ratio_15_16": 2.0,
    "exact_noncorrelated": true,
    "basis_size": 17,
    "corr_profile_N16": [
      1.52587890625e-05,
      0.0,
      -4.57763671875e-05,
      0.0,
      -4.57763671875e-05,
      0.0,
      1.52587890625e-05,
      0.0,
      1.52587890625e-05,
      0.0,
      7.62939453125e-05,
      0.0,
      7.62939453125e-05,
      0.0,
      1.52587890625e-05,
      0.0,
      1.52587890625e-05,
      0.0,
      7.62939453125e-05,
      0.0,
      0.0001983642578125,
      0.0,
      -0.0001068115234375,
      0.0,
      -0.0001068115234375,
      0.0,
      7.62939453125e-05,
      0.0,
      -4.57763671875e-05,
      0.0,
      1.52587890625e-05,
      0.0,
      1.52587890625e-05,
      0.0,
      -4.57763671875e-05,
      0.0,
      7.62939453125e-05,
      0.0,
      -0.0001068115234375,
      0.0,
      1.52587890625e-05,
      0.0,
      -0.0001678466796875,
      0.0,
      -4.57763671875e-05,
      0.0,
      -0.0001068115234375,
      0.0,
      -0.0001068115234375,
      0.0,
      -4.57763671875e-05,
      0.0,
      -0.0002899169921875,
      0.0,
      0.0001373291015625,
      0.0,
      1.52587890625e-05,
      0.0,
      -4.57763671875e-05,
      0.0,
      -4.57763671875e-05,
      0.0,
      1.52587890625e-05,
      0.0
    ]
  },
  "a_{10}": {
    "description": "Single pattern {10}",
    "type": "binary_pattern",
    "max_abs_N16": 0.0002899169921875,
    "mean_sq_N16": 4.307366907596588e-09,
    "multiscale": {
      "N=2^13": 0.0023193359375,
      "N=2^14": 0.00115966796875,
      "N=2^15": 0.000579833984375,
      "N=2^16": 0.0002899169921875
    },
    "halving_ratio_15_16": 2.0,
    "exact_noncorrelated": true,
    "basis_size": 17,
    "corr_profile_N16": [
      -1.52587890625e-05,
      0.0,
      4.57763671875e-05,
      0.0,
      4.57763671875e-05,
      0.0,
      -1.52587890625e-05,
      0.0,
      -1.52587890625e-05,
      0.0,
      -7.62939453125e-05,
      0.0,
      -7.62939453125e-05,
      0.0,
      -1.52587890625e-05,
      0.0,
      -1.52587890625e-05,
      0.0,
      -7.62939453125e-05,
      0.0,
      -0.0001983642578125,
      0.0,
      0.0001068115234375,
      0.0,
      0.0001068115234375,
      0.0,
      -7.62939453125e-05,
      0.0,
      4.57763671875e-05,
      0.0,
      -1.52587890625e-05,
      0.0,
      -1.52587890625e-05,
      0.0,
      4.57763671875e-05,
      0.0,
      -7.62939453125e-05,
      0.0,
      0.0001068115234375,
      0.0,
      -1.52587890625e-05,
      0.0,
      0.0001678466796875,
      0.0,
      4.57763671875e-05,
      0.0,
      0.0001068115234375,
      0.0,
      0.0001068115234375,
      0.0,
      4.57763671875e-05,
      0.0,
      0.0002899169921875,
      0.0,
      -0.0001373291015625,
      0.0,
      -1.52587890625e-05,
      0.0,
      4.57763671875e-05,
      0.0,
      4.57763671875e-05,
      0.0,
      -1.52587890625e-05,
      0.0
    ]
  },
  "a_{01,10,11}": {
    "description": "All non-zero length-2 patterns",
    "type": "binary_pattern",
    "max_abs_N16": 0.0002288818359375,
    "mean_sq_N16": 4.773028194904327e-09,
    "multiscale": {
      "N=2^13": 0.0018310546875,
      "N=2^14": 0.00091552734375,
      "N=2^15": 0.000457763671875,
      "N=2^16": 0.0002288818359375
    },
    "halving_ratio_15_16": 2.0,
    "exact_noncorrelated": true,
    "basis_size": 17,
    "corr_profile_N16": [
      -1.52587890625e-05,
      0.0,
      -1.52587890625e-05,
      0.0,
      -7.62939453125e-05,
      0.0,
      4.57763671875e-05,
      0.0,
      -1.52587890625e-05,
      0.0,
      -1.52587890625e-05,
      0.0,
      -7.62939453125e-05,
      0.0,
      4.57763671875e-05,
      0.0,
      -1.52587890625e-05,
      0.0,
      -0.0001373291015625,
      0.0,
      -0.0001983642578125,
      0.0,
      4.57763671875e-05,
      0.0,
      -1.52587890625e-05,
      0.0,
      0.0001068115234375,
      0.0,
      4.57763671875e-05,
      0.0,
      4.57763671875e-05,
      0.0,
      -1.52587890625e-05,
      0.0,
      -1.52587890625e-05,
      0.0,
      -0.0001983642578125,
      0.0,
      0.0001678466796875,
      0.0,
      0.0001068115234375,
      0.0,
      -0.0001373291015625,
      0.0,
      -7.62939453125e-05,
      0.0,
      4.57763671875e-05,
      0.0,
      -1.52587890625e-05,
      0.0,
      -0.0001373291015625,
      0.0,
      -7.62939453125e-05,
      0.0,
      -7.62939453125e-05,
      0.0,
      -0.0001373291015625,
      0.0,
      0.0002288818359375,
      0.0,
      4.57763671875e-05,
      0.0,
      4.57763671875e-05,
      0.0
    ]
  },
  "a_{1,101,111}": {
    "description": "TM \u00d7 A_3  (cross-length length-1 + length-3)",
    "type": "binary_pattern_cross",
    "max_abs_N16": 0.0001678466796875,
    "mean_sq_N16": 2.9103830456733704e-09,
    "multiscale": {
      "N=2^13": 0.0013427734375,
      "N=2^14": 0.00067138671875,
      "N=2^15": 0.000335693359375,
      "N=2^16": 0.0001678466796875
    },
    "halving_ratio_15_16": 2.0,
    "exact_noncorrelated": true,
    "basis_size": 68,
    "corr_profile_N16": [
      -1.52587890625e-05,
      0.0,
      1.52587890625e-05,
      0.0,
      4.57763671875e-05,
      0.0,
      1.52587890625e-05,
      0.0,
      -1.52587890625e-05,
      0.0,
      -4.57763671875e-05,
      0.0,
      -1.52587890625e-05,
      0.0,
      -0.0001068115234375,
      0.0,
      -1.52587890625e-05,
      0.0,
      -0.0001068115234375,
      0.0,
      4.57763671875e-05,
      0.0,
      1.52587890625e-05,
      0.0,
      -0.0001373291015625,
      0.0,
      7.62939453125e-05,
      0.0,
      -1.52587890625e-05,
      0.0,
      1.52587890625e-05,
      0.0,
      0.0001068115234375,
      0.0,
      -0.0001068115234375,
      0.0,
      -7.62939453125e-05,
      0.0,
      -0.0001068115234375,
      0.0,
      0.0001068115234375,
      0.0,
      7.62939453125e-05,
      0.0,
      0.0001068115234375,
      0.0,
      1.52587890625e-05,
      0.0,
      -1.52587890625e-05,
      0.0,
      0.0001373291015625,
      0.0,
      0.0001678466796875,
      0.0,
      -0.0001068115234375,
      0.0,
      -1.52587890625e-05,
      0.0,
      -4.57763671875e-05,
      0.0,
      -1.52587890625e-05,
      0.0,
      1.52587890625e-05,
      0.0
    ]
  },
  "a_{1,A4}": {
    "description": "TM \u00d7 A_4  (cross-length length-1 + length-4)",
    "type": "binary_pattern_cross",
    "max_abs_N16": 0.0002288818359375,
    "mean_sq_N16": 3.14321368932724e-09,
    "multiscale": {
      "N=2^13": 0.0018310546875,
      "N=2^14": 0.00091552734375,
      "N=2^15": 0.000457763671875,
      "N=2^16": 0.0002288818359375
    },
    "halving_ratio_15_16": 2.0,
    "exact_noncorrelated": true,
    "basis_size": 266,